{"chunk_definitions":[{"chunk_id":"cjwkw496kcl7w","chunk_label":"unnamed-chunk-1","document_id":"E93CEA","expansion_state":0,"options":{"engine":"r","label":"unnamed-chunk-63","message":false,"warning":false},"row":24,"row_count":1,"visible":true},{"chunk_id":"cmb9jnfumoez9","chunk_label":"unnamed-chunk-2","document_id":"E93CEA","expansion_state":0,"options":{"engine":"r","label":"unnamed-chunk-64"},"row":47,"row_count":1,"visible":true},{"chunk_id":"cnv2nch773tas","chunk_label":"unnamed-chunk-3","document_id":"E93CEA","expansion_state":0,"options":{"engine":"r","label":"unnamed-chunk-65"},"row":61,"row_count":1,"visible":true},{"chunk_id":"clbww3m38x2cz","chunk_label":"unnamed-chunk-4","document_id":"E93CEA","expansion_state":0,"options":{"engine":"r","label":"unnamed-chunk-66"},"row":75,"row_count":1,"visible":true},{"chunk_id":"c0m0umuktr83r","chunk_label":"unnamed-chunk-5","document_id":"E93CEA","expansion_state":0,"options":{"engine":"r","label":"unnamed-chunk-67"},"row":87,"row_count":1,"visible":true},{"chunk_id":"c6ova110j6x93","chunk_label":"unnamed-chunk-6","document_id":"E93CEA","expansion_state":0,"options":{"engine":"r","label":"unnamed-chunk-68"},"row":104,"row_count":1,"visible":true},{"chunk_id":"ck8xftpwly7a2","chunk_label":"unnamed-chunk-7","document_id":"E93CEA","expansion_state":0,"options":{"engine":"r","label":"unnamed-chunk-69"},"row":125,"row_count":1,"visible":true},{"chunk_id":"cxn23pdxk5yj9","chunk_label":"unnamed-chunk-8","document_id":"E93CEA","expansion_state":0,"options":{"engine":"r","label":"unnamed-chunk-70"},"row":151,"row_count":1,"visible":true},{"chunk_id":"c34sgxeowi5hz","chunk_label":"unnamed-chunk-9","document_id":"E93CEA","expansion_state":0,"options":{"engine":"r","label":"unnamed-chunk-71"},"row":160,"row_count":1,"visible":true},{"chunk_id":"cex7runt53qzg","chunk_label":"unnamed-chunk-10","document_id":"E93CEA","expansion_state":0,"options":{"engine":"r","label":"unnamed-chunk-72"},"row":217,"row_count":1,"visible":true},{"chunk_id":"cwugqi47mfypw","chunk_label":"unnamed-chunk-11","document_id":"E93CEA","expansion_state":0,"options":{"engine":"r","label":"unnamed-chunk-73"},"row":231,"row_count":1,"visible":true},{"chunk_id":"ck26lin8rhw4k","chunk_label":"unnamed-chunk-12","document_id":"E93CEA","expansion_state":0,"options":{"engine":"r","label":"unnamed-chunk-74"},"row":319,"row_count":1,"visible":true},{"chunk_id":"c7vwsvofcyvtg","chunk_label":"unnamed-chunk-13","document_id":"E93CEA","expansion_state":0,"options":{"engine":"r","label":"unnamed-chunk-75"},"row":326,"row_count":1,"visible":true},{"chunk_id":"csqodird6ez5i","chunk_label":"unnamed-chunk-14","document_id":"E93CEA","expansion_state":0,"options":{"engine":"r","label":"unnamed-chunk-76"},"row":337,"row_count":1,"visible":true}],"doc_write_time":1518040306}