"0","position_per_stock <- 1000000"
"0","num_factors <- 4"
"0","stocks <- c(""F"", ""GM"", ""IBM"", ""MSFT"", ""AAPL"", ""AMZN"", ""SPY"", ""XOM"", ""PFE"", ""BA"")"
"0",""
"0","last_day <- as.Date(""2018-02-02"")"
"0","first_day <- last_day - years(1)"
"0",""
"0","# stocks_raw <- tq_get(stocks, from = first_day, to = last_day)"
"0","# write_rds(stocks_raw, ""stocks_raw.rds"")"
"0","stocks_raw <- read_rds(path = ""stocks_raw.rds"")"
"0",""
"0","stocks_prices <- stocks_raw %>%"
"0","  select(symbol, date, close)"
"0",""
"0","# All of the stocks are here in a ""long"" format"
"0","# The symbol column specifies which row belongs to which stock"
"0","head(stocks_prices)"
