"0","plot_ecdf <- function(full_reeval, dg_numerical, grid) {"
"0","  full_reeval  <- rename(full_reeval, full_reeval = delta_p) %>% select(date, full_reeval)"
"0","  dg_numerical <- rename(dg_numerical, dg_numerical = delta_p) %>% select(date, dg_numerical)"
"0","  grid         <- rename(grid, grid = delta_p) %>% select(date, grid)"
"0","  "
"0","  left_join(left_join(full_reeval, dg_numerical, by = ""date""), grid, ""date"") %>%"
"0","    gather(EvaluationType, delta_p, -date) %>%"
"0","    ggplot(aes(x = delta_p, color = EvaluationType)) +"
"0","    stat_ecdf(geom = ""step"", size = .8, alpha = .7) +"
"0","    geom_hline(yintercept = 1, linetype = ""dashed"") +"
"0","    geom_hline(yintercept = 0, linetype = ""dashed"") +"
"0","    theme_minimal() "
"0","}"
