{"chunk_definitions":[{"chunk_id":"ckaz90wlbon9z","chunk_label":"unnamed-chunk-1","document_id":"8470DB91","expansion_state":0,"options":{"engine":"r","label":"unnamed-chunk-384","message":false,"warning":false},"row":27,"row_count":1,"visible":true},{"chunk_id":"cby95b4za857v","chunk_label":"unnamed-chunk-2","document_id":"8470DB91","expansion_state":0,"options":{"engine":"r","label":"unnamed-chunk-385"},"row":47,"row_count":1,"visible":true},{"chunk_id":"coz6g6tzupoug","chunk_label":"unnamed-chunk-3","document_id":"8470DB91","expansion_state":0,"options":{"engine":"r","label":"unnamed-chunk-386"},"row":65,"row_count":1,"visible":true},{"chunk_id":"cphe4xb6xsm9p","chunk_label":"unnamed-chunk-4","document_id":"8470DB91","expansion_state":0,"options":{"engine":"r","label":"unnamed-chunk-387"},"row":79,"row_count":1,"visible":true},{"chunk_id":"cdrhlalkwpg2e","chunk_label":"unnamed-chunk-5","document_id":"8470DB91","expansion_state":0,"options":{"engine":"r","label":"unnamed-chunk-388"},"row":88,"row_count":1,"visible":true},{"chunk_id":"c6j1bgcwhondx","chunk_label":"unnamed-chunk-6","document_id":"8470DB91","expansion_state":0,"options":{"engine":"r","label":"unnamed-chunk-389"},"row":104,"row_count":1,"visible":true},{"chunk_id":"cs3rp66pnjhbj","chunk_label":"unnamed-chunk-7","document_id":"8470DB91","expansion_state":0,"options":{"engine":"r","label":"unnamed-chunk-390"},"row":120,"row_count":1,"visible":true},{"chunk_id":"ch7guq0xpfl1q","chunk_label":"unnamed-chunk-8","document_id":"8470DB91","expansion_state":0,"options":{"engine":"r","label":"unnamed-chunk-391"},"row":145,"row_count":1,"visible":true},{"chunk_id":"c93hsbyiwuoe4","chunk_label":"unnamed-chunk-9","document_id":"8470DB91","expansion_state":0,"options":{"engine":"r","label":"unnamed-chunk-392"},"row":196,"row_count":1,"visible":true},{"chunk_id":"c2580gkwevdon","chunk_label":"unnamed-chunk-10","document_id":"8470DB91","expansion_state":0,"options":{"engine":"r","label":"unnamed-chunk-393"},"row":229,"row_count":1,"visible":true},{"chunk_id":"c48c55ks85bz6","chunk_label":"unnamed-chunk-11","document_id":"8470DB91","expansion_state":0,"options":{"engine":"r","label":"unnamed-chunk-394"},"row":268,"row_count":1,"visible":true},{"chunk_id":"c9au1atwdvcwl","chunk_label":"unnamed-chunk-12","document_id":"8470DB91","expansion_state":0,"options":{"engine":"r","label":"unnamed-chunk-395"},"row":306,"row_count":1,"visible":true},{"chunk_id":"cph5wgxugmovv","chunk_label":"unnamed-chunk-13","document_id":"8470DB91","expansion_state":0,"options":{"engine":"r","label":"unnamed-chunk-396"},"row":346,"row_count":1,"visible":true},{"chunk_id":"c8rcjlh1uwp29","chunk_label":"unnamed-chunk-14","document_id":"8470DB91","expansion_state":0,"options":{"engine":"r","label":"unnamed-chunk-397"},"row":355,"row_count":1,"visible":true},{"chunk_id":"c3iybmidtjv2g","chunk_label":"unnamed-chunk-15","document_id":"8470DB91","expansion_state":0,"options":{"engine":"r","label":"unnamed-chunk-398"},"row":362,"row_count":1,"visible":true},{"chunk_id":"cv1ea7f8zl1un","chunk_label":"unnamed-chunk-16","document_id":"8470DB91","expansion_state":0,"options":{"engine":"r","label":"unnamed-chunk-399"},"row":378,"row_count":1,"visible":true},{"chunk_id":"chduiitohavom","chunk_label":"unnamed-chunk-17","document_id":"8470DB91","expansion_state":0,"options":{"engine":"r","label":"unnamed-chunk-400"},"row":382,"row_count":1,"visible":true},{"chunk_id":"c79w1x5pjeytr","chunk_label":"unnamed-chunk-18","document_id":"8470DB91","expansion_state":0,"options":{"engine":"r","label":"unnamed-chunk-401"},"row":417,"row_count":1,"visible":true},{"chunk_id":"cbylpoxogbrof","chunk_label":"unnamed-chunk-19","document_id":"8470DB91","expansion_state":0,"options":{"engine":"r","label":"unnamed-chunk-402"},"row":422,"row_count":1,"visible":true},{"chunk_id":"cos70son5t3ne","chunk_label":"unnamed-chunk-20","document_id":"8470DB91","expansion_state":0,"options":{"engine":"r","label":"unnamed-chunk-403"},"row":445,"row_count":1,"visible":true},{"chunk_id":"cftl1yj7cx0ie","chunk_label":"unnamed-chunk-21","document_id":"8470DB91","expansion_state":0,"options":{"engine":"r","label":"unnamed-chunk-404"},"row":450,"row_count":1,"visible":true},{"chunk_id":"cuqkwysqrlf2p","chunk_label":"unnamed-chunk-22","document_id":"8470DB91","expansion_state":0,"options":{"engine":"r","label":"unnamed-chunk-405"},"row":458,"row_count":1,"visible":true},{"chunk_id":"cy0rkjtm10tl9","chunk_label":"unnamed-chunk-23","document_id":"8470DB91","expansion_state":0,"options":{"engine":"r","label":"unnamed-chunk-474"},"row":526,"row_count":1,"visible":true}],"doc_write_time":1517004396}