{"chunk_definitions":[{"chunk_id":"cnrertaid6m0z","chunk_label":"unnamed-chunk-1","document_id":"5DDFA57D","expansion_state":0,"options":{"engine":"r","label":"unnamed-chunk-85","message":false,"warning":false},"row":27,"row_count":1,"visible":true},{"chunk_id":"ccq2a3a0v422t","chunk_label":"unnamed-chunk-2","document_id":"5DDFA57D","expansion_state":0,"options":{"engine":"r","label":"unnamed-chunk-86"},"row":47,"row_count":1,"visible":true},{"chunk_id":"cetr9k04dppeq","chunk_label":"unnamed-chunk-3","document_id":"5DDFA57D","expansion_state":0,"options":{"engine":"r","label":"unnamed-chunk-87"},"row":80,"row_count":1,"visible":true},{"chunk_id":"c6ycnrqmsqcni","chunk_label":"unnamed-chunk-4","document_id":"5DDFA57D","expansion_state":0,"options":{"engine":"r","label":"unnamed-chunk-88"},"row":94,"row_count":1,"visible":true},{"chunk_id":"cn920h2azedyw","chunk_label":"unnamed-chunk-5","document_id":"5DDFA57D","expansion_state":0,"options":{"engine":"r","label":"unnamed-chunk-89"},"row":103,"row_count":1,"visible":true},{"chunk_id":"cyzlqgrk87jgh","chunk_label":"unnamed-chunk-6","document_id":"5DDFA57D","expansion_state":0,"options":{"engine":"r","label":"unnamed-chunk-90"},"row":119,"row_count":1,"visible":true},{"chunk_id":"cjica6ib1dzo8","chunk_label":"unnamed-chunk-7","document_id":"5DDFA57D","expansion_state":0,"options":{"engine":"r","label":"unnamed-chunk-91"},"row":135,"row_count":1,"visible":true},{"chunk_id":"cx87ags0yytz7","chunk_label":"unnamed-chunk-8","document_id":"5DDFA57D","expansion_state":0,"options":{"engine":"r","label":"unnamed-chunk-92"},"row":160,"row_count":1,"visible":true},{"chunk_id":"c4zzb3uhsv6px","chunk_label":"unnamed-chunk-9","document_id":"5DDFA57D","expansion_state":0,"options":{"engine":"r","label":"unnamed-chunk-93"},"row":211,"row_count":1,"visible":true},{"chunk_id":"cwvtvzcr8unt2","chunk_label":"unnamed-chunk-10","document_id":"5DDFA57D","expansion_state":0,"options":{"engine":"r","label":"unnamed-chunk-94"},"row":244,"row_count":1,"visible":true},{"chunk_id":"cuwodt9219sla","chunk_label":"unnamed-chunk-11","document_id":"5DDFA57D","expansion_state":0,"options":{"engine":"r","label":"unnamed-chunk-95"},"row":283,"row_count":1,"visible":true},{"chunk_id":"co867k8aifm7u","chunk_label":"unnamed-chunk-12","document_id":"5DDFA57D","expansion_state":0,"options":{"engine":"r","label":"unnamed-chunk-96"},"row":321,"row_count":1,"visible":true},{"chunk_id":"c1ejkxf5szc0i","chunk_label":"unnamed-chunk-13","document_id":"5DDFA57D","expansion_state":0,"options":{"engine":"r","label":"unnamed-chunk-97"},"row":361,"row_count":1,"visible":true},{"chunk_id":"c84glo5fsq5r0","chunk_label":"unnamed-chunk-14","document_id":"5DDFA57D","expansion_state":0,"options":{"engine":"r","label":"unnamed-chunk-98"},"row":371,"row_count":1,"visible":true},{"chunk_id":"cp25kp65pyod9","chunk_label":"unnamed-chunk-15","document_id":"5DDFA57D","expansion_state":0,"options":{"engine":"r","label":"unnamed-chunk-105"},"row":379,"row_count":1,"visible":true},{"chunk_id":"cgl3jvanlwcsx","chunk_label":"unnamed-chunk-16","document_id":"5DDFA57D","expansion_state":0,"options":{"engine":"r","label":"unnamed-chunk-111"},"row":385,"row_count":1,"visible":true},{"chunk_id":"c22xfj0vinxr5","chunk_label":"unnamed-chunk-17","document_id":"5DDFA57D","expansion_state":0,"options":{"engine":"r","label":"unnamed-chunk-112"},"row":399,"row_count":1,"visible":true},{"chunk_id":"c7cjx6kdyx3su","chunk_label":"unnamed-chunk-18","document_id":"5DDFA57D","expansion_state":0,"options":{"engine":"r","label":"unnamed-chunk-114"},"row":437,"row_count":1,"visible":true},{"chunk_id":"cwuvk7zgtts2v","chunk_label":"unnamed-chunk-19","document_id":"5DDFA57D","expansion_state":0,"options":{"engine":"r","label":"unnamed-chunk-115"},"row":459,"row_count":1,"visible":true},{"chunk_id":"c67gckyiit3zu","chunk_label":"unnamed-chunk-20","document_id":"5DDFA57D","expansion_state":0,"options":{"engine":"r","label":"unnamed-chunk-116"},"row":471,"row_count":1,"visible":true}],"doc_write_time":1517500518}