{"chunk_definitions":[{"chunk_id":"c6ozv60w7f8hn","chunk_label":"unnamed-chunk-1","document_id":"321578F5","expansion_state":0,"options":{"engine":"r","label":"unnamed-chunk-26","message":false,"warning":false},"row":28,"row_count":1,"visible":true},{"chunk_id":"cg9xctl40tu7x","chunk_label":"unnamed-chunk-2","document_id":"321578F5","expansion_state":0,"options":{"engine":"r","label":"unnamed-chunk-27"},"row":48,"row_count":1,"visible":true},{"chunk_id":"cbnoaithb6bf6","chunk_label":"unnamed-chunk-3","document_id":"321578F5","expansion_state":0,"options":{"engine":"r","label":"unnamed-chunk-28"},"row":66,"row_count":1,"visible":true},{"chunk_id":"csl0mihbafvc7","chunk_label":"unnamed-chunk-4","document_id":"321578F5","expansion_state":0,"options":{"engine":"r","label":"unnamed-chunk-29"},"row":80,"row_count":1,"visible":true},{"chunk_id":"c1mz2btbhpcao","chunk_label":"unnamed-chunk-5","document_id":"321578F5","expansion_state":0,"options":{"engine":"r","label":"unnamed-chunk-30"},"row":96,"row_count":1,"visible":true},{"chunk_id":"cyri9p5lbfvqn","chunk_label":"unnamed-chunk-6","document_id":"321578F5","expansion_state":0,"options":{"engine":"r","label":"unnamed-chunk-31"},"row":117,"row_count":1,"visible":true},{"chunk_id":"cq568yv8z2gj2","chunk_label":"unnamed-chunk-7","document_id":"321578F5","expansion_state":0,"options":{"engine":"r","label":"unnamed-chunk-32"},"row":131,"row_count":1,"visible":true},{"chunk_id":"cldy8mwnf6rxy","chunk_label":"unnamed-chunk-8","document_id":"321578F5","expansion_state":0,"options":{"engine":"r","label":"unnamed-chunk-33"},"row":140,"row_count":1,"visible":true},{"chunk_id":"c1ee6arr67yd1","chunk_label":"unnamed-chunk-9","document_id":"321578F5","expansion_state":0,"options":{"engine":"r","label":"unnamed-chunk-34"},"row":156,"row_count":1,"visible":true},{"chunk_id":"chknmxya4vgzb","chunk_label":"unnamed-chunk-10","document_id":"321578F5","expansion_state":0,"options":{"engine":"r","label":"unnamed-chunk-35"},"row":192,"row_count":1,"visible":true},{"chunk_id":"cqijiotwtxjpu","chunk_label":"unnamed-chunk-11","document_id":"321578F5","expansion_state":0,"options":{"engine":"r","label":"unnamed-chunk-36"},"row":217,"row_count":1,"visible":true},{"chunk_id":"ckk0imubepn50","chunk_label":"unnamed-chunk-12","document_id":"321578F5","expansion_state":0,"options":{"engine":"r","label":"unnamed-chunk-37"},"row":224,"row_count":1,"visible":true},{"chunk_id":"cemzlyn0m350x","chunk_label":"unnamed-chunk-13","document_id":"321578F5","expansion_state":0,"options":{"engine":"r","label":"unnamed-chunk-38"},"row":231,"row_count":1,"visible":true},{"chunk_id":"cefn9taqjngwv","chunk_label":"unnamed-chunk-14","document_id":"321578F5","expansion_state":0,"options":{"engine":"r","label":"unnamed-chunk-39"},"row":239,"row_count":1,"visible":true},{"chunk_id":"c3u5ka3m8t8tc","chunk_label":"unnamed-chunk-15","document_id":"321578F5","expansion_state":0,"options":{"engine":"r","label":"unnamed-chunk-40"},"row":281,"row_count":1,"visible":true},{"chunk_id":"cqqhn5qxuva82","chunk_label":"unnamed-chunk-16","document_id":"321578F5","expansion_state":0,"options":{"engine":"r","label":"unnamed-chunk-41"},"row":288,"row_count":1,"visible":true},{"chunk_id":"cjw17n7wrz18r","chunk_label":"unnamed-chunk-17","document_id":"321578F5","expansion_state":0,"options":{"engine":"r","label":"unnamed-chunk-42"},"row":294,"row_count":1,"visible":true}],"doc_write_time":1518039625}