"0","# Seed"
"0","set.seed(1243)"
"0","# 100 shares of SPY"
"0","shares_spy <- 100"
"0","# 400 European put options on Apple"
"0","options_appl   <- 400"
"0","time_to_expiry <- 1"
"0","sigma          <- .25    # volatility"
"0","k              <- 170    # strike"
"0","r              <- .012   # risk free int rate"
"0","y              <- .019   # div yield"
"0","# Dates"
"0","end_date   <- as.Date(""2018-01-05"")"
"0","start_date <- end_date - years(2) + days(2) # Add two days to get the correct 504 prices"
