"0","em_algorithm <- function(portf_mat, nu_guess = 5) {"
"0","  "
"0","  epsilon <- 0.000001"
"0","  "
"0","  mu_k      <- colMeans(portf_mat)"
"0","  cov_samp  <- cov(portf_mat)"
"0","  cov_k     <- cov_samp"
"0","  nu_k      <- nu_guess"
"0","  "
"0","  d <- ncol(portf_mat)"
"0","  n <- nrow(portf_mat)"
"0","  "
"0","  # Need a function to apply beta calc to each X_i"
"0","  rowwise_beta <- function(row, nu_k, mu_k, cov_k) {"
"0","    row <- matrix(row, ncol = 2)"
"0","    .5 * (nu_k + (row - mu_k) %*% solve(cov_k) %*% t(row - mu_k))"
"0","  }"
"0","  "
"0","  # Minimize the neg log lik func"
"0","  log_lik_fun <- function(nu, delta_k2, squiggle_k2) {"
"0","    nu_2 <- nu / 2"
"0","    "
"0","    sum(nu_2 * log(nu_2) - nu_2 * delta_k2 - (nu_2 + 1) * squiggle_k2 - log(gamma(nu_2)))"
"0","  }"
"0","  "
"0","  for(k in 1:1000) {"
"0","    "
"0","      alpha_k <- (nu_k + d) / 2"
"0","      beta_k  <- apply(portf_mat, 1, rowwise_beta, nu_k, mu_k, cov_k)"
"0","      "
"0","      delta_k <- alpha_k / beta_k"
"0","      delta_k_mean <- mean(delta_k)"
"0","      "
"0","      # Update mu"
"0","      mu_k <- colSums(portf_mat * delta_k) / (n * delta_k_mean)"
"0","      "
"0","      psi <- matrix("
"0","        c("
"0","          # Doing it piecewise because the matrix mult doesn't work otherwise"
"0","          sum((portf_mat[,1] - mu_k[1]) ^ 2 * delta_k),"
"0","          sum((portf_mat[,1] - mu_k[1]) * (portf_mat[,2] - mu_k[2]) * delta_k),"
"0","          sum((portf_mat[,1] - mu_k[1]) * (portf_mat[,2] - mu_k[2]) * delta_k),"
"0","          sum((portf_mat[,2] - mu_k[2]) ^ 2 * delta_k)"
"0","        ),"
"0","        nrow = 2"
"0","      ) / n"
"0","      "
"0","      # Update cov_k"
"0","      cov_k <- det(cov_samp) ^ (1 / d) * psi / (det(psi) ^ (1/d))"
"0","      "
"0","      beta_k2 <- apply(portf_mat, 1, rowwise_beta, nu_k, mu_k, cov_k)"
"0","      delta_k2 <- alpha_k / beta_k2"
"0","      "
"0","      squiggle_k2 <- ((gamma(alpha_k - epsilon) * beta_k2 ^ epsilon) / gamma(alpha_k) - 1) / epsilon"
"0","      "
"0","      nu_k_next <- optimise(log_lik_fun, lower = 1, upper = 100, delta_k2 = delta_k2, squiggle_k2 = squiggle_k2, maximum = TRUE)$maximum"
"0","      "
"0","      if(abs(nu_k_next - nu_k) <= 0.00001) {"
"0","        optim_nu <- nu_k_next"
"0","        break()"
"0","      } else {"
"0","        nu_k <- nu_k_next"
"0","      }"
"0","      "
"0","      #message(paste(""Finishing iteration"", k, ""with nu ="", nu_k))"
"0","  }"
"0","  "
"0","  dimnames(cov_k) <- list(c(""aapl_delta"", ""spy_delta""), c(""aapl_delta"", ""spy_delta""))"
"0","  "
"0","  list(mu = mu_k, cov_mat = cov_k, nu = optim_nu)"
"0","}"
