"0","set.seed(123)"
"0","n_sims <- 5000"
"0","percentile_99_n_sims <- .01 * n_sims"
"0","current_portf_value <- shares_spy * current_close_spy + options_appl * current_option_value"
"0","cov_mat <- matrix(c(moments$var_delta_X_spy, moments$cov_delta_X,"
"0","                    moments$cov_delta_X,     moments$var_delta_X_aapl),"
"0","                  nrow = 2,"
"0","                  dimnames = list(c(""SPY"", ""AAPL""), c(""SPY"", ""AAPL"")))"
"0","mean_vec <- matrix(c(moments$mu_delta_X_spy, moments$mu_delta_X_aapl), nrow = 2, dimnames = list(c(""SPY"", ""AAPL"")))"
"0","chol_fac <- t(chol(cov_mat))"
"0","sims <- tibble("
"0","       sim                     = seq(n_sims),"
"0","       Z                       = replicate(n_sims, rnorm(2) %>% as.matrix(), simplify = FALSE),"
"0","       delta_X                 = map(Z, ~mean_vec + chol_fac %*% .x),"
"0","       shifted_aapl            = map_dbl(delta_X, ~current_close_aapl + .x[""AAPL"",]),"
"0","       shifted_spy             = map_dbl(delta_X, ~current_close_spy + .x[""SPY"",]),"
"0","       shifted_aapl_option     = put_option_pricer(shifted_aapl, k , r, y, time_to_expiry, sigma),"
"0","       shifted_portfolio_value = shares_spy * shifted_spy + options_appl * shifted_aapl_option,"
"0","       delta_P                 = shifted_portfolio_value - current_portf_value"
"0",")"
"0","sims"
