"0","# Required for delta/gamma analytical"
"0","d1 <- (log(current_close_aapl / k) + (r - y + sigma^2 / 2) * time_to_expiry) / (sigma * sqrt(time_to_expiry))"
"0","# Put delta and gamma"
"0","delta_analytical_aapl <- exp(-y * time_to_expiry) * (pnorm(d1) - 1)"
"0","delta_analytical_aapl"
"1","[1]"
"1"," -0.4078595"
"1","
"
"0","# The SPY analytical delta is just 1 because we aren't dealing with options"
"0","delta_analytical_spy <- 1"
"0","moments <- aapl_abs %>%"
"0","  left_join(spy_abs, ""date"") %>%"
"0","  na.omit() %>%"
"0","  summarise("
"0","    "
"0","    # Means"
"0","    mu_delta_X_spy   = mean(spy_delta_p),"
"0","    mu_delta_X_aapl  = mean(delta_close),"
"0","    mu_delta_p       = (delta_analytical_spy  * mu_delta_X_spy  * shares_spy) + "
"0","                       (delta_analytical_aapl * mu_delta_X_aapl * options_appl),"
"0","    "
"0","    # Variances / Covariances"
"0","    var_delta_X_spy  = var(spy_delta_p),"
"0","    var_delta_X_aapl = var(delta_close),"
"0","    cov_delta_X      = cov(spy_delta_p, delta_close),"
"0","    var_delta_p      = (shares_spy   ^ 2 * delta_analytical_spy  ^ 2 * var_delta_X_spy) + "
"0","                       (options_appl ^ 2 * delta_analytical_aapl ^ 2 * var_delta_X_aapl) + "
"0","                       (2 * shares_spy * options_appl * delta_analytical_aapl * delta_analytical_spy * cov_delta_X)"
"0","  )"
"0","  "
"0","moments %>%"
"0","  mutate(VaR_99 = mu_delta_p + sqrt(var_delta_p) * qnorm(.01)) %>%"
"0","  gather(feature, value)"
