"0","# Quick and dirty function for getting var"
"0","calc_VaR <- function(nu, mean_samp, cov_samp, Z_std, unif_for_W, "
"0","                     current_close_aapl, current_option_value, "
"0","                     k, r, y, time_to_expiry, sigma, "
"0","                     percentile_99_n_sims, n) {"
"0","  "
"0","  # Get to delta_X shifts"
"0","  cov_adjusted <- ((nu - 2) / nu) * cov_samp "
"0","  chol_adjusted <- t(chol(cov_adjusted))"
"0","  Z <- t(chol_adjusted %*% t(Z_std))"
"0","  "
"0","  alpha <- nu / 2"
"0","  beta  <- nu / 2"
"0","  "
"0","  W <- 1 / qgamma(unif_for_W, alpha, beta)"
"0","  "
"0","  delta_X <- mean_samp + sqrt(W) * Z"
"0","  "
"0","  # Recalculate portfolio values"
"0","  portf_monte_carlo <- as.tibble(delta_X) %>%"
"0","    mutate("
"0","      aapl_shifted_put_option = put_option_pricer(current_close_aapl + aapl_delta, k, r, y, time_to_expiry, sigma),"
"0","      aapl_delta_p            = options_appl * (aapl_shifted_put_option - current_option_value),"
"0","      spy_delta_p             = shares_spy * spy_delta,"
"0","      delta_p                 = aapl_delta_p + spy_delta_p"
"0","    )"
"0","  "
"0","  # Pull delta p, sort, and get VaR"
"0","  portf_monte_carlo %>%"
"0","    pull(delta_p) %>%"
"0","    sort() %>%"
"0","    .[percentile_99_n_sims] %>%"
"0","    set_names(""VaR"")"
"0","  "
"0","}"
"0","# Partially evaluate the calc_VaR function. All we will need to pass in will be varying nu"
"0","calc_VaR_nu <- partial(calc_VaR, "
"0","      mean_samp = mean_samp, cov_samp = cov_samp, Z_std = Z_std, unif_for_W = unif_for_W,"
"0","      current_close_aapl = current_close_aapl, current_option_value = current_option_value,"
"0","      k = k, r = r, y = y, time_to_expiry = time_to_expiry, sigma = sigma,"
"0","      percentile_99_n_sims = percentile_99_n_sims, n = n"
"0",")"
