"0","up_and_out_call_pricer <- function(s, k, b, r, y, t, sigma) {"
"0","  "
"0","  # This formula will actually calculate a value for the option"
"0","  # if we don't ceiling it at b. When s == b the value is 0. When s > b"
"0","  # the value should also be 0, this ensures that happens."
"0","  s <- pmin(s, b)"
"0","  "
"0","  # Call option pricer"
"0","  C <- function(s, k) {"
"0","      d1 <- (log(s / k) + (r - y + sigma^2 / 2) * t) / (sigma * sqrt(t))"
"0","      d2 <- d1 - sigma * sqrt(t)"
"0","  "
"0","      s * exp(-y * t) * pnorm(d1) - pnorm(d2) * k * exp(-r * t)"
"0","  }"
"0","  "
"0","  # Digital call option pricer"
"0","  C_d <- function(s, k) {"
"0","    numerator   <- log(s / k) + (r - y - .5 * sigma ^ 2) * t"
"0","    denominator <- sigma * sqrt(t) "
"0","    "
"0","    exp(- r * t) * pnorm(numerator / denominator)"
"0","  }"
"0","  "
"0","  alpha <- - (r - y - sigma^2 / 2) / (sigma ^ 2)"
"0","  "
"0","  V <- C(s, k) - C(s, b) - (b - k) * C_d(s, b) - "
"0","      (s / b) ^ (2 * alpha) * ( C(b^2/s, k) - C(b^2/s, b) - (b - k) * C_d(b^2/s, b) )"
"0","  "
"0","  V"
"0","}"
