{"chunk_definitions":[{"chunk_id":"c2iyp1iam7bhd","chunk_label":"unnamed-chunk-1","document_id":"C8DF5A50","expansion_state":0,"options":{"engine":"r","label":"unnamed-chunk-389","message":false,"warning":false},"row":28,"row_count":1,"visible":true},{"chunk_id":"cqb6w7xnw6j0i","chunk_label":"unnamed-chunk-2","document_id":"C8DF5A50","expansion_state":0,"options":{"engine":"r","label":"unnamed-chunk-390"},"row":48,"row_count":1,"visible":true},{"chunk_id":"cshuw75adqqat","chunk_label":"unnamed-chunk-3","document_id":"C8DF5A50","expansion_state":0,"options":{"engine":"r","label":"unnamed-chunk-391"},"row":66,"row_count":1,"visible":true},{"chunk_id":"ci3vpse3t6ii9","chunk_label":"unnamed-chunk-4","document_id":"C8DF5A50","expansion_state":0,"options":{"engine":"r","label":"unnamed-chunk-392"},"row":80,"row_count":1,"visible":true},{"chunk_id":"csr3eepa6yh90","chunk_label":"unnamed-chunk-5","document_id":"C8DF5A50","expansion_state":0,"options":{"engine":"r","label":"unnamed-chunk-393"},"row":96,"row_count":1,"visible":true},{"chunk_id":"cqqpi87njgv5w","chunk_label":"unnamed-chunk-6","document_id":"C8DF5A50","expansion_state":0,"options":{"engine":"r","label":"unnamed-chunk-394"},"row":117,"row_count":1,"visible":true},{"chunk_id":"c5zu7u3pp7fdh","chunk_label":"unnamed-chunk-7","document_id":"C8DF5A50","expansion_state":0,"options":{"engine":"r","label":"unnamed-chunk-395"},"row":131,"row_count":1,"visible":true},{"chunk_id":"c8d3tuq6d7ytd","chunk_label":"unnamed-chunk-8","document_id":"C8DF5A50","expansion_state":0,"options":{"engine":"r","label":"unnamed-chunk-396"},"row":140,"row_count":1,"visible":true},{"chunk_id":"cd6zs53rxv0ym","chunk_label":"unnamed-chunk-9","document_id":"C8DF5A50","expansion_state":0,"options":{"engine":"r","label":"unnamed-chunk-397"},"row":156,"row_count":1,"visible":true},{"chunk_id":"coieggziuixj6","chunk_label":"unnamed-chunk-10","document_id":"C8DF5A50","expansion_state":0,"options":{"engine":"r","label":"unnamed-chunk-398"},"row":192,"row_count":1,"visible":true},{"chunk_id":"c3arjbqbykoqz","chunk_label":"unnamed-chunk-11","document_id":"C8DF5A50","expansion_state":0,"options":{"engine":"r","label":"unnamed-chunk-399"},"row":217,"row_count":1,"visible":true},{"chunk_id":"cf6w3n0yi9afd","chunk_label":"unnamed-chunk-12","document_id":"C8DF5A50","expansion_state":0,"options":{"engine":"r","label":"unnamed-chunk-400"},"row":224,"row_count":1,"visible":true},{"chunk_id":"cvfgcdkfad9b8","chunk_label":"unnamed-chunk-13","document_id":"C8DF5A50","expansion_state":0,"options":{"engine":"r","label":"unnamed-chunk-401"},"row":231,"row_count":1,"visible":true},{"chunk_id":"caepqlrkqa1vo","chunk_label":"unnamed-chunk-14","document_id":"C8DF5A50","expansion_state":0,"options":{"engine":"r","label":"unnamed-chunk-402"},"row":239,"row_count":1,"visible":true},{"chunk_id":"czyz6krqlb8zs","chunk_label":"unnamed-chunk-15","document_id":"C8DF5A50","expansion_state":0,"options":{"engine":"r","label":"unnamed-chunk-403"},"row":281,"row_count":1,"visible":true},{"chunk_id":"cywiv4xspnycu","chunk_label":"unnamed-chunk-16","document_id":"C8DF5A50","expansion_state":0,"options":{"engine":"r","label":"unnamed-chunk-404"},"row":288,"row_count":1,"visible":true},{"chunk_id":"c29ws3w4uxcec","chunk_label":"unnamed-chunk-17","document_id":"C8DF5A50","expansion_state":0,"options":{"engine":"r","label":"unnamed-chunk-405"},"row":294,"row_count":1,"visible":true},{"chunk_id":"ck0h9td8mao1s","chunk_label":"unnamed-chunk-18","document_id":"C8DF5A50","expansion_state":0,"options":{"engine":"r","label":"unnamed-chunk-434"},"row":323,"row_count":1,"visible":true},{"chunk_id":"czx00yyqc9tn4","chunk_label":"unnamed-chunk-19","document_id":"C8DF5A50","expansion_state":0,"options":{"engine":"r","label":"unnamed-chunk-407"},"row":328,"row_count":1,"visible":true},{"chunk_id":"c6att7wujzx06","chunk_label":"unnamed-chunk-20","document_id":"C8DF5A50","expansion_state":0,"options":{"engine":"r","label":"unnamed-chunk-408"},"row":332,"row_count":1,"visible":true},{"chunk_id":"cgg0m5cw4u6dc","chunk_label":"unnamed-chunk-21","document_id":"C8DF5A50","expansion_state":0,"options":{"engine":"r","label":"unnamed-chunk-435"},"row":349,"row_count":1,"visible":true},{"chunk_id":"clrszrfgo6lcp","chunk_label":"unnamed-chunk-22","document_id":"C8DF5A50","expansion_state":0,"options":{"engine":"r","label":"unnamed-chunk-410"},"row":354,"row_count":1,"visible":true},{"chunk_id":"cfgpok9bwd2bi","chunk_label":"unnamed-chunk-23","document_id":"C8DF5A50","expansion_state":0,"options":{"engine":"r","label":"unnamed-chunk-411"},"row":358,"row_count":1,"visible":true},{"chunk_id":"cr3udz0tw7xle","chunk_label":"unnamed-chunk-24","document_id":"C8DF5A50","expansion_state":0,"options":{"engine":"r","label":"unnamed-chunk-412"},"row":366,"row_count":1,"visible":true},{"chunk_id":"cozgk1cmnzl5u","chunk_label":"unnamed-chunk-25","document_id":"C8DF5A50","expansion_state":0,"options":{"engine":"r","label":"unnamed-chunk-413"},"row":373,"row_count":1,"visible":true},{"chunk_id":"c7oh31hkuo3ei","chunk_label":"unnamed-chunk-26","document_id":"C8DF5A50","expansion_state":0,"options":{"engine":"r","label":"unnamed-chunk-414"},"row":378,"row_count":1,"visible":true},{"chunk_id":"c1935cihqlz22","chunk_label":"unnamed-chunk-27","document_id":"C8DF5A50","expansion_state":0,"options":{"engine":"r","label":"unnamed-chunk-436"},"row":396,"row_count":1,"visible":true},{"chunk_id":"c08h4bd9xi958","chunk_label":"unnamed-chunk-28","document_id":"C8DF5A50","expansion_state":0,"options":{"engine":"r","label":"unnamed-chunk-416"},"row":401,"row_count":1,"visible":true},{"chunk_id":"cw9dxmdw3j6k3","chunk_label":"unnamed-chunk-29","document_id":"C8DF5A50","expansion_state":0,"options":{"engine":"r","label":"unnamed-chunk-417"},"row":405,"row_count":1,"visible":true},{"chunk_id":"chx7gdkczuykf","chunk_label":"unnamed-chunk-30","document_id":"C8DF5A50","expansion_state":0,"options":{"engine":"r","label":"unnamed-chunk-418"},"row":444,"row_count":1,"visible":true},{"chunk_id":"c95wbf2l1t3ji","chunk_label":"unnamed-chunk-31","document_id":"C8DF5A50","expansion_state":0,"options":{"engine":"r","label":"unnamed-chunk-419"},"row":449,"row_count":1,"visible":true},{"chunk_id":"cf7590wbbqsxj","chunk_label":"unnamed-chunk-32","document_id":"C8DF5A50","expansion_state":0,"options":{"engine":"r","label":"unnamed-chunk-420"},"row":455,"row_count":1,"visible":true},{"chunk_id":"c9z9q9iraqnfj","chunk_label":"unnamed-chunk-33","document_id":"C8DF5A50","expansion_state":0,"options":{"engine":"r","label":"unnamed-chunk-421"},"row":464,"row_count":1,"visible":true},{"chunk_id":"c3y2wo3rvkgs7","chunk_label":"unnamed-chunk-34","document_id":"C8DF5A50","expansion_state":0,"options":{"engine":"r","label":"unnamed-chunk-422"},"row":469,"row_count":1,"visible":true},{"chunk_id":"culcti6qtmual","chunk_label":"unnamed-chunk-35","document_id":"C8DF5A50","expansion_state":0,"options":{"engine":"r","label":"unnamed-chunk-423"},"row":473,"row_count":1,"visible":true},{"chunk_id":"c02832ku15u3a","chunk_label":"unnamed-chunk-36","document_id":"C8DF5A50","expansion_state":0,"options":{"engine":"r","label":"unnamed-chunk-424"},"row":493,"row_count":1,"visible":true},{"chunk_id":"c7unewl7hvjna","chunk_label":"unnamed-chunk-37","document_id":"C8DF5A50","expansion_state":0,"options":{"engine":"r","label":"unnamed-chunk-425"},"row":497,"row_count":1,"visible":true},{"chunk_id":"cldhf77uqkfzs","chunk_label":"unnamed-chunk-38","document_id":"C8DF5A50","expansion_state":0,"options":{"engine":"r","label":"unnamed-chunk-426"},"row":503,"row_count":1,"visible":true},{"chunk_id":"cyjd1e78bujud","chunk_label":"unnamed-chunk-39","document_id":"C8DF5A50","expansion_state":0,"options":{"engine":"r","label":"unnamed-chunk-428"},"row":509,"row_count":1,"visible":true},{"chunk_id":"cxp3cgys4khoh","chunk_label":"unnamed-chunk-40","document_id":"C8DF5A50","expansion_state":0,"options":{"engine":"r","label":"unnamed-chunk-429"},"row":515,"row_count":1,"visible":true},{"chunk_id":"cfhrkdprjmtbm","chunk_label":"unnamed-chunk-41","document_id":"C8DF5A50","expansion_state":0,"options":{"engine":"r","label":"unnamed-chunk-430"},"row":521,"row_count":1,"visible":true},{"chunk_id":"cgu6o2lqmyfzp","chunk_label":"unnamed-chunk-42","document_id":"C8DF5A50","expansion_state":0,"options":{"engine":"r","label":"unnamed-chunk-431"},"row":527,"row_count":1,"visible":true},{"chunk_id":"cxw6vj8iu6m3s","chunk_label":"unnamed-chunk-43","document_id":"C8DF5A50","expansion_state":0,"options":{"engine":"r","label":"unnamed-chunk-432"},"row":533,"row_count":1,"visible":true},{"chunk_id":"cg6bgojvv42b4","chunk_label":"unnamed-chunk-44","document_id":"C8DF5A50","expansion_state":0,"options":{"engine":"r","label":"unnamed-chunk-433"},"row":539,"row_count":1,"visible":true}],"doc_write_time":1516112357}