{"chunk_definitions":[{"chunk_id":"cnrertaid6m0z","chunk_label":"unnamed-chunk-1","document_id":"5DDFA57D","expansion_state":0,"options":{"engine":"r","label":"unnamed-chunk-7","message":false,"warning":false},"row":27,"row_count":1,"visible":true},{"chunk_id":"ccq2a3a0v422t","chunk_label":"unnamed-chunk-2","document_id":"5DDFA57D","expansion_state":0,"options":{"engine":"r","label":"unnamed-chunk-8"},"row":47,"row_count":1,"visible":true},{"chunk_id":"cetr9k04dppeq","chunk_label":"unnamed-chunk-3","document_id":"5DDFA57D","expansion_state":0,"options":{"engine":"r","label":"unnamed-chunk-9"},"row":65,"row_count":1,"visible":true},{"chunk_id":"c6ycnrqmsqcni","chunk_label":"unnamed-chunk-4","document_id":"5DDFA57D","expansion_state":0,"options":{"engine":"r","label":"unnamed-chunk-10"},"row":79,"row_count":1,"visible":true},{"chunk_id":"cn920h2azedyw","chunk_label":"unnamed-chunk-5","document_id":"5DDFA57D","expansion_state":0,"options":{"engine":"r","label":"unnamed-chunk-11"},"row":88,"row_count":1,"visible":true},{"chunk_id":"cyzlqgrk87jgh","chunk_label":"unnamed-chunk-6","document_id":"5DDFA57D","expansion_state":0,"options":{"engine":"r","label":"unnamed-chunk-12"},"row":104,"row_count":1,"visible":true},{"chunk_id":"cx87ags0yytz7","chunk_label":"unnamed-chunk-7","document_id":"5DDFA57D","expansion_state":0,"options":{"engine":"r","label":"unnamed-chunk-13"},"row":130,"row_count":1,"visible":true},{"chunk_id":"c4zzb3uhsv6px","chunk_label":"unnamed-chunk-8","document_id":"5DDFA57D","expansion_state":0,"options":{"engine":"r","label":"unnamed-chunk-14"},"row":181,"row_count":1,"visible":true},{"chunk_id":"cwvtvzcr8unt2","chunk_label":"unnamed-chunk-9","document_id":"5DDFA57D","expansion_state":0,"options":{"engine":"r","label":"unnamed-chunk-15"},"row":214,"row_count":1,"visible":true},{"chunk_id":"cuwodt9219sla","chunk_label":"unnamed-chunk-10","document_id":"5DDFA57D","expansion_state":0,"options":{"engine":"r","label":"unnamed-chunk-16"},"row":253,"row_count":1,"visible":true},{"chunk_id":"co867k8aifm7u","chunk_label":"unnamed-chunk-11","document_id":"5DDFA57D","expansion_state":0,"options":{"engine":"r","label":"unnamed-chunk-17"},"row":291,"row_count":1,"visible":true},{"chunk_id":"c1ejkxf5szc0i","chunk_label":"unnamed-chunk-12","document_id":"5DDFA57D","expansion_state":0,"options":{"engine":"r","label":"unnamed-chunk-18"},"row":330,"row_count":1,"visible":true},{"chunk_id":"cp25kp65pyod9","chunk_label":"unnamed-chunk-13","document_id":"5DDFA57D","expansion_state":0,"options":{"engine":"r","label":"unnamed-chunk-19"},"row":338,"row_count":1,"visible":true},{"chunk_id":"cgl3jvanlwcsx","chunk_label":"unnamed-chunk-14","document_id":"5DDFA57D","expansion_state":0,"options":{"engine":"r","label":"unnamed-chunk-20"},"row":344,"row_count":1,"visible":true},{"chunk_id":"c22xfj0vinxr5","chunk_label":"unnamed-chunk-15","document_id":"5DDFA57D","expansion_state":0,"options":{"engine":"r","label":"unnamed-chunk-22"},"row":360,"row_count":1,"visible":true},{"chunk_id":"c7cjx6kdyx3su","chunk_label":"unnamed-chunk-16","document_id":"5DDFA57D","expansion_state":0,"options":{"engine":"r","label":"unnamed-chunk-24"},"row":398,"row_count":1,"visible":true},{"chunk_id":"cwuvk7zgtts2v","chunk_label":"unnamed-chunk-17","document_id":"5DDFA57D","expansion_state":0,"options":{"engine":"r","label":"unnamed-chunk-26"},"row":422,"row_count":1,"visible":true},{"chunk_id":"c67gckyiit3zu","chunk_label":"unnamed-chunk-18","document_id":"5DDFA57D","expansion_state":0,"options":{"engine":"r","label":"unnamed-chunk-116"},"row":434,"row_count":1,"visible":true}],"doc_write_time":1517517029}