{"chunk_definitions":[{"chunk_id":"ce3jbwfg39zhr","chunk_label":"unnamed-chunk-1","document_id":"D8BE703B","expansion_state":0,"options":{"engine":"r","label":"unnamed-chunk-84","message":false,"warning":false},"row":28,"row_count":1,"visible":true},{"chunk_id":"c2twqmc3naapb","chunk_label":"unnamed-chunk-2","document_id":"D8BE703B","expansion_state":0,"options":{"engine":"r","label":"unnamed-chunk-85"},"row":48,"row_count":1,"visible":true},{"chunk_id":"cycxcxgrmy4vv","chunk_label":"unnamed-chunk-3","document_id":"D8BE703B","expansion_state":0,"options":{"engine":"r","label":"unnamed-chunk-86"},"row":66,"row_count":1,"visible":true},{"chunk_id":"c35eockzrm64j","chunk_label":"unnamed-chunk-4","document_id":"D8BE703B","expansion_state":0,"options":{"engine":"r","label":"unnamed-chunk-87"},"row":80,"row_count":1,"visible":true},{"chunk_id":"ch8piwux6615p","chunk_label":"unnamed-chunk-5","document_id":"D8BE703B","expansion_state":0,"options":{"engine":"r","label":"unnamed-chunk-88"},"row":96,"row_count":1,"visible":true},{"chunk_id":"c0r46xzhuq94o","chunk_label":"unnamed-chunk-6","document_id":"D8BE703B","expansion_state":0,"options":{"engine":"r","label":"unnamed-chunk-89"},"row":117,"row_count":1,"visible":true},{"chunk_id":"cv2mw6ahogzzl","chunk_label":"unnamed-chunk-7","document_id":"D8BE703B","expansion_state":0,"options":{"engine":"r","label":"unnamed-chunk-90"},"row":131,"row_count":1,"visible":true},{"chunk_id":"cgc3taobh2vfw","chunk_label":"unnamed-chunk-8","document_id":"D8BE703B","expansion_state":0,"options":{"engine":"r","label":"unnamed-chunk-91"},"row":140,"row_count":1,"visible":true},{"chunk_id":"c0pfz0m5vejuz","chunk_label":"unnamed-chunk-9","document_id":"D8BE703B","expansion_state":0,"options":{"engine":"r","label":"unnamed-chunk-92"},"row":156,"row_count":1,"visible":true},{"chunk_id":"cx17ajcgiyuwj","chunk_label":"unnamed-chunk-10","document_id":"D8BE703B","expansion_state":0,"options":{"engine":"r","label":"unnamed-chunk-93"},"row":192,"row_count":1,"visible":true},{"chunk_id":"c180qnhqlz2mq","chunk_label":"unnamed-chunk-11","document_id":"D8BE703B","expansion_state":0,"options":{"engine":"r","label":"unnamed-chunk-94"},"row":217,"row_count":1,"visible":true},{"chunk_id":"cui5o61gynmoy","chunk_label":"unnamed-chunk-12","document_id":"D8BE703B","expansion_state":0,"options":{"engine":"r","label":"unnamed-chunk-95"},"row":224,"row_count":1,"visible":true},{"chunk_id":"cykzqr5qtc150","chunk_label":"unnamed-chunk-13","document_id":"D8BE703B","expansion_state":0,"options":{"engine":"r","label":"unnamed-chunk-96"},"row":231,"row_count":1,"visible":true}],"doc_write_time":1516977772}