"0","calculate_full_reeval_delta_p <- function(x, b) {"
"0","  x %>%"
"0","    mutate("
"0","         shifted_current_close = current_close_aapl + delta_close,"
"0","         shifted_option_value  = up_and_out_call_pricer(shifted_current_close, k, b, r, y, time_to_expiry, sigma),"
"0","         delta_p               = shifted_option_value - current_up_and_out_call_aapl)"
"0","}"
"0","aapl_abs_full_reeval <- calculate_full_reeval_delta_p(aapl_abs, b)"
"0","select(aapl_abs_full_reeval, -close, -delta_close)"
