{"chunk_definitions":[{"chunk_id":"c213npfa46wy5","chunk_label":"unnamed-chunk-2","document_id":"5680F3DA","expansion_state":0,"options":{"engine":"r","label":"unnamed-chunk-11","message":false,"warning":false},"row":31,"row_count":1,"visible":true},{"chunk_id":"c0h3ju3k5sf2y","chunk_label":"unnamed-chunk-3","document_id":"5680F3DA","expansion_state":0,"options":{"engine":"r","label":"unnamed-chunk-12"},"row":55,"row_count":1,"visible":true},{"chunk_id":"csk2cvngzzu8c","chunk_label":"unnamed-chunk-4","document_id":"5680F3DA","expansion_state":0,"options":{"engine":"r","label":"unnamed-chunk-13"},"row":74,"row_count":1,"visible":true},{"chunk_id":"cs08xw7xgo05v","chunk_label":"unnamed-chunk-5","document_id":"5680F3DA","expansion_state":0,"options":{"engine":"r","label":"unnamed-chunk-14"},"row":88,"row_count":1,"visible":true},{"chunk_id":"cm9onh1hj0cyw","chunk_label":"unnamed-chunk-6","document_id":"5680F3DA","expansion_state":0,"options":{"engine":"r","label":"unnamed-chunk-15"},"row":114,"row_count":1,"visible":true},{"chunk_id":"czydmevbfqx18","chunk_label":"unnamed-chunk-7","document_id":"5680F3DA","expansion_state":0,"options":{"engine":"r","label":"unnamed-chunk-16"},"row":120,"row_count":1,"visible":true},{"chunk_id":"cu2amw8wo5vp2","chunk_label":"unnamed-chunk-8","document_id":"5680F3DA","expansion_state":0,"options":{"engine":"r","include":false,"label":"unnamed-chunk-17"},"row":125,"row_count":1,"visible":true},{"chunk_id":"cwij9ki27ifsv","chunk_label":"unnamed-chunk-9","document_id":"5680F3DA","expansion_state":0,"options":{"engine":"r","label":"unnamed-chunk-18"},"row":135,"row_count":1,"visible":true},{"chunk_id":"c5w99nwjumv7m","chunk_label":"unnamed-chunk-10","document_id":"5680F3DA","expansion_state":0,"options":{"engine":"r","label":"unnamed-chunk-19"},"row":157,"row_count":1,"visible":true},{"chunk_id":"cfmvjyuqbdzrh","chunk_label":"unnamed-chunk-11","document_id":"5680F3DA","expansion_state":0,"options":{"engine":"r","label":"unnamed-chunk-10"},"row":172,"row_count":1,"visible":true}],"doc_write_time":1519321207}