"0","spy %>%"
"0","  # Rename so you can combine them easier"
"0","  rename(close = spy_close) %>%"
"0","  bind_rows(spy = ., aapl = aapl, .id = ""asset"") %>%"
"0","  group_by(asset) %>%"
"0","  "
"0","  # For SPY and AAPL, calculate price changes and log returns"
"0","  mutate(price_change      = close - lag(close),"
"0","         arithmetic_return = price_change / lag(close),"
"0","         log_return        = log(close / lag(close))) %>%"
"0","  "
"0","  # Tidy"
"0","  gather(delta_type, delta, price_change, arithmetic_return, log_return) %>%"
"0","  group_by(delta_type, add = TRUE) %>%"
"0","  "
"0","  # Remove the rows of NAs"
"0","  na.omit() %>%"
"0","  "
"0","  # Calc JQ values"
"0","  summarise(jq_stat = jarque_bera_stat(delta),"
"0","            jq_pval = jarque_bera_pval(delta)) %>%"
"0","  arrange(desc(delta_type))"
