{"chunk_definitions":[{"chunk_id":"ckaz90wlbon9z","chunk_label":"unnamed-chunk-1","document_id":"8470DB91","expansion_state":0,"options":{"engine":"r","label":"unnamed-chunk-84","message":false,"warning":false},"row":27,"row_count":1,"visible":true},{"chunk_id":"cby95b4za857v","chunk_label":"unnamed-chunk-2","document_id":"8470DB91","expansion_state":0,"options":{"engine":"r","label":"unnamed-chunk-85"},"row":47,"row_count":1,"visible":true},{"chunk_id":"coz6g6tzupoug","chunk_label":"unnamed-chunk-3","document_id":"8470DB91","expansion_state":0,"options":{"engine":"r","label":"unnamed-chunk-86"},"row":65,"row_count":1,"visible":true},{"chunk_id":"cphe4xb6xsm9p","chunk_label":"unnamed-chunk-4","document_id":"8470DB91","expansion_state":0,"options":{"engine":"r","label":"unnamed-chunk-87"},"row":79,"row_count":1,"visible":true},{"chunk_id":"cdrhlalkwpg2e","chunk_label":"unnamed-chunk-5","document_id":"8470DB91","expansion_state":0,"options":{"engine":"r","label":"unnamed-chunk-88"},"row":88,"row_count":1,"visible":true},{"chunk_id":"c6j1bgcwhondx","chunk_label":"unnamed-chunk-6","document_id":"8470DB91","expansion_state":0,"options":{"engine":"r","label":"unnamed-chunk-89"},"row":104,"row_count":1,"visible":true},{"chunk_id":"cs3rp66pnjhbj","chunk_label":"unnamed-chunk-7","document_id":"8470DB91","expansion_state":0,"options":{"engine":"r","label":"unnamed-chunk-90"},"row":120,"row_count":1,"visible":true},{"chunk_id":"ch7guq0xpfl1q","chunk_label":"unnamed-chunk-8","document_id":"8470DB91","expansion_state":0,"options":{"engine":"r","label":"unnamed-chunk-91"},"row":145,"row_count":1,"visible":true},{"chunk_id":"c93hsbyiwuoe4","chunk_label":"unnamed-chunk-9","document_id":"8470DB91","expansion_state":0,"options":{"engine":"r","label":"unnamed-chunk-92"},"row":196,"row_count":1,"visible":true},{"chunk_id":"c2580gkwevdon","chunk_label":"unnamed-chunk-10","document_id":"8470DB91","expansion_state":0,"options":{"engine":"r","label":"unnamed-chunk-93"},"row":229,"row_count":1,"visible":true},{"chunk_id":"c48c55ks85bz6","chunk_label":"unnamed-chunk-11","document_id":"8470DB91","expansion_state":0,"options":{"engine":"r","label":"unnamed-chunk-94"},"row":268,"row_count":1,"visible":true},{"chunk_id":"c984p6ue1c24w","chunk_label":"unnamed-chunk-12","document_id":"8470DB91","expansion_state":0,"options":{"engine":"r","label":"unnamed-chunk-95"},"row":306,"row_count":1,"visible":true},{"chunk_id":"cph5wgxugmovv","chunk_label":"unnamed-chunk-13","document_id":"8470DB91","expansion_state":0,"options":{"engine":"r","label":"unnamed-chunk-96"},"row":346,"row_count":1,"visible":true},{"chunk_id":"c8rcjlh1uwp29","chunk_label":"unnamed-chunk-14","document_id":"8470DB91","expansion_state":0,"options":{"engine":"r","label":"unnamed-chunk-97"},"row":355,"row_count":1,"visible":true},{"chunk_id":"c3iybmidtjv2g","chunk_label":"unnamed-chunk-15","document_id":"8470DB91","expansion_state":0,"options":{"engine":"r","label":"unnamed-chunk-98"},"row":362,"row_count":1,"visible":true},{"chunk_id":"cv1ea7f8zl1un","chunk_label":"unnamed-chunk-16","document_id":"8470DB91","expansion_state":0,"options":{"engine":"r","label":"unnamed-chunk-99"},"row":378,"row_count":1,"visible":true},{"chunk_id":"chduiitohavom","chunk_label":"unnamed-chunk-17","document_id":"8470DB91","expansion_state":0,"options":{"engine":"r","label":"unnamed-chunk-100"},"row":382,"row_count":1,"visible":true},{"chunk_id":"c79w1x5pjeytr","chunk_label":"unnamed-chunk-18","document_id":"8470DB91","expansion_state":0,"options":{"engine":"r","label":"unnamed-chunk-101"},"row":417,"row_count":1,"visible":true},{"chunk_id":"cbylpoxogbrof","chunk_label":"unnamed-chunk-19","document_id":"8470DB91","expansion_state":0,"options":{"engine":"r","label":"unnamed-chunk-28"},"row":422,"row_count":1,"visible":true},{"chunk_id":"cos70son5t3ne","chunk_label":"unnamed-chunk-20","document_id":"8470DB91","expansion_state":0,"options":{"engine":"r","label":"unnamed-chunk-29"},"row":445,"row_count":1,"visible":true},{"chunk_id":"cftl1yj7cx0ie","chunk_label":"unnamed-chunk-21","document_id":"8470DB91","expansion_state":0,"options":{"engine":"r","label":"unnamed-chunk-30"},"row":450,"row_count":1,"visible":true},{"chunk_id":"cuqkwysqrlf2p","chunk_label":"unnamed-chunk-22","document_id":"8470DB91","expansion_state":0,"options":{"engine":"r","label":"unnamed-chunk-22"},"row":458,"row_count":1,"visible":true},{"chunk_id":"cy0rkjtm10tl9","chunk_label":"unnamed-chunk-23","document_id":"8470DB91","expansion_state":0,"options":{"engine":"r","label":"unnamed-chunk-474"},"row":528,"row_count":1,"visible":true},{"chunk_id":"ck1ypd1meqmtm","chunk_label":"unnamed-chunk-24","document_id":"8470DB91","expansion_state":0,"options":{"engine":"r","label":"unnamed-chunk-109"},"row":577,"row_count":1,"visible":true},{"chunk_id":"caiqr86mz3g9s","chunk_label":"unnamed-chunk-25","document_id":"8470DB91","expansion_state":0,"options":{"engine":"r","label":"unnamed-chunk-81"},"row":622,"row_count":1,"visible":true}],"doc_write_time":1517492658}