{"chunk_definitions":[{"chunk_id":"chnsxnrbp5rn8","chunk_label":"unnamed-chunk-1","document_id":"84E4C940","expansion_state":0,"options":{"engine":"r","label":"unnamed-chunk-274","message":false,"warning":false},"row":20,"row_count":1,"visible":true},{"chunk_id":"c0o20krz3tnf8","chunk_label":"unnamed-chunk-2","document_id":"84E4C940","expansion_state":0,"options":{"engine":"r","label":"unnamed-chunk-335"},"row":44,"row_count":1,"visible":true},{"chunk_id":"ccrxtsdzc9uif","chunk_label":"unnamed-chunk-3","document_id":"84E4C940","expansion_state":0,"options":{"engine":"r","label":"unnamed-chunk-336"},"row":63,"row_count":1,"visible":true},{"chunk_id":"cdrid4c40ihfz","chunk_label":"unnamed-chunk-4","document_id":"84E4C940","expansion_state":0,"options":{"engine":"r","label":"unnamed-chunk-337"},"row":77,"row_count":1,"visible":true},{"chunk_id":"csah141syrp6l","chunk_label":"unnamed-chunk-5","document_id":"84E4C940","expansion_state":0,"options":{"engine":"r","label":"unnamed-chunk-338"},"row":102,"row_count":1,"visible":true},{"chunk_id":"coux4jpuxbycd","chunk_label":"unnamed-chunk-7","document_id":"84E4C940","expansion_state":0,"options":{"engine":"r","include":false,"label":"unnamed-chunk-278"},"row":113,"row_count":1,"visible":true},{"chunk_id":"ccvclycx4alpr","chunk_label":"unnamed-chunk-8","document_id":"84E4C940","expansion_state":0,"options":{"engine":"r","label":"unnamed-chunk-279"},"row":123,"row_count":1,"visible":true},{"chunk_id":"cexnvljgxwuhx","chunk_label":"unnamed-chunk-9","document_id":"84E4C940","expansion_state":0,"options":{"engine":"r","label":"unnamed-chunk-280"},"row":143,"row_count":1,"visible":true},{"chunk_id":"c0vwbyahgbkgp","chunk_label":"unnamed-chunk-10","document_id":"84E4C940","expansion_state":0,"options":{"engine":"r","label":"unnamed-chunk-281"},"row":158,"row_count":1,"visible":true},{"chunk_id":"chxhyu0sacn24","chunk_label":"unnamed-chunk-11","document_id":"84E4C940","expansion_state":0,"options":{"engine":"r","label":"unnamed-chunk-282"},"row":179,"row_count":1,"visible":true},{"chunk_id":"cjr6nj37nunzi","chunk_label":"unnamed-chunk-12","document_id":"84E4C940","expansion_state":0,"options":{"engine":"r","label":"unnamed-chunk-283"},"row":189,"row_count":1,"visible":true},{"chunk_id":"c5gb25jvj0pb0","chunk_label":"unnamed-chunk-13","document_id":"84E4C940","expansion_state":0,"options":{"engine":"r","label":"unnamed-chunk-284"},"row":199,"row_count":1,"visible":true},{"chunk_id":"c06o4ff8mxhou","chunk_label":"unnamed-chunk-16","document_id":"84E4C940","expansion_state":0,"options":{"engine":"r","label":"unnamed-chunk-334"},"row":304,"row_count":1,"visible":true}],"doc_write_time":1518642115}