"0","# Setup portfolio matrix version for easy matrix calcs"
"0","portf_mat <- left_join(aapl_abs, spy_abs, ""date"") %>%"
"0","  select(aapl_delta, spy_delta) %>%"
"0","  as.matrix()"
"0","# Means and covariances"
"0","mean_samp <- colMeans(portf_mat)"
"0","cov_samp  <- cov(portf_mat)"
"0","# Kurtosis and avg kurtosis"
"0","kurt_samp <- c(aapl_delta = kurtosis(portf_mat[,""aapl_delta""]), "
"0","               spy_delta  = kurtosis(portf_mat[,""spy_delta""]))"
"0","avg_kurt <- mean(kurt_samp)"
"0","# Degrees of freedom by shortcut method"
"0","nu <- (4 * avg_kurt - 6) / (avg_kurt - 3)"
"0","# Number of reps"
"0","n <- 5000"
"0","percentile_99_n_sims <- .01 * n"
