"0","calculate_grid_VaR_delta_p <- function(x, b) {"
"0","  "
"0","  grid_multipliers <- c(.6, .7, .8, .9, .95, .99, 1, 1.01, 1.05, 1.1, 1.2, 1.3, 1.4)"
"0","  grid_prices      <- grid_multipliers * current_close_aapl"
"0","  grid_options     <- up_and_out_call_pricer(grid_prices, k, b, r, y, time_to_expiry, sigma)"
"0","  "
"0","  x %>%"
"0","    na.omit() %>%"
"0","    mutate("
"0","      shifted_current_close       = delta_close + current_close_aapl,"
"0","      approx_shifted_option_value = approx(x = grid_prices, y = grid_options, xout = shifted_current_close)$y,"
"0","      delta_p                     = approx_shifted_option_value - current_up_and_out_call_aapl"
"0","    ) "
"0","}"
"0","aapl_abs_grid <- calculate_grid_VaR_delta_p(aapl_abs, b)"
