"0","calculate_DG_numerical_VaR_delta_P <- function(x, b) {"
"0","  x %>%"
"0","  na.omit() %>%"
"0","  mutate("
"0","    # Calculate h for absolute"
"0","    h                = sqrt(var(delta_close) + mean(delta_close) ^ 2),"
"0","    # Recalculate the put options with a shock upward"
"0","    shift_up_close   = up_and_out_call_pricer(current_close_aapl + h, k, b, r, y, time_to_expiry, sigma),"
"0","    # Recalculate the put options with a shock downward"
"0","    shift_down_close = up_and_out_call_pricer(current_close_aapl - h, k, b, r, y, time_to_expiry, sigma),"
"0","    # This is P in the formula, used by gamma"
"0","    no_shift_close   = up_and_out_call_pricer(current_close_aapl, k, b, r, y, time_to_expiry, sigma),"
"0","    # Approximate delta"
"0","    delta_numerical  = (shift_up_close - shift_down_close) / (2 * h),"
"0","    # Approximate gamma"
"0","    gamma_numerical  = (shift_up_close - 2 * no_shift_close + shift_down_close) / (h^2),"
"0","    # Calculate delta_p from numerical delta/gamma"
"0","    delta_p          = delta_numerical * delta_close + 1/2 * gamma_numerical * delta_close ^ 2"
"0","  )"
"0","}"
"0","aapl_abs_dg_numerical <- calculate_DG_numerical_VaR_delta_P(aapl_abs, b)"
"0","aapl_abs_dg_numerical"
