{"chunk_definitions":[{"chunk_id":"czsngcz30lyav","chunk_label":"unnamed-chunk-1","document_id":"E0E2D1E1","expansion_state":0,"options":{"engine":"r","label":"unnamed-chunk-88","message":false,"warning":false},"row":27,"row_count":1,"visible":true},{"chunk_id":"cbxafqfzi6edb","chunk_label":"unnamed-chunk-2","document_id":"E0E2D1E1","expansion_state":0,"options":{"engine":"r","label":"unnamed-chunk-89"},"row":47,"row_count":1,"visible":true},{"chunk_id":"ckxzy7yqg45p1","chunk_label":"unnamed-chunk-3","document_id":"E0E2D1E1","expansion_state":0,"options":{"engine":"r","label":"unnamed-chunk-90"},"row":65,"row_count":1,"visible":true},{"chunk_id":"c61j83k1lp6dj","chunk_label":"unnamed-chunk-4","document_id":"E0E2D1E1","expansion_state":0,"options":{},"row":79,"row_count":1,"visible":true},{"chunk_id":"cxqdowsie7dwm","chunk_label":"unnamed-chunk-5","document_id":"E0E2D1E1","expansion_state":0,"options":{},"row":88,"row_count":1,"visible":true},{"chunk_id":"ckmptpqwxm7mc","chunk_label":"unnamed-chunk-6","document_id":"E0E2D1E1","expansion_state":0,"options":{},"row":104,"row_count":1,"visible":true},{"chunk_id":"cuw10u9mbgz2v","chunk_label":"unnamed-chunk-7","document_id":"E0E2D1E1","expansion_state":0,"options":{},"row":130,"row_count":1,"visible":true},{"chunk_id":"ctsnrf4n9znrx","chunk_label":"unnamed-chunk-8","document_id":"E0E2D1E1","expansion_state":0,"options":{},"row":181,"row_count":1,"visible":true},{"chunk_id":"cksx51vvh4w2k","chunk_label":"unnamed-chunk-9","document_id":"E0E2D1E1","expansion_state":0,"options":{},"row":214,"row_count":1,"visible":true},{"chunk_id":"cyk4u0fufo1k6","chunk_label":"unnamed-chunk-10","document_id":"E0E2D1E1","expansion_state":0,"options":{},"row":253,"row_count":1,"visible":true},{"chunk_id":"cxcxthhcqn9d7","chunk_label":"unnamed-chunk-11","document_id":"E0E2D1E1","expansion_state":0,"options":{},"row":291,"row_count":1,"visible":true}],"doc_write_time":1517517030}