{"chunk_definitions":[{"chunk_id":"c2iyp1iam7bhd","chunk_label":"unnamed-chunk-1","document_id":"C8DF5A50","expansion_state":0,"options":{"engine":"r","label":"unnamed-chunk-10","message":false,"warning":false},"row":14,"row_count":1,"visible":true},{"chunk_id":"cqb6w7xnw6j0i","chunk_label":"unnamed-chunk-2","document_id":"C8DF5A50","expansion_state":0,"options":{"engine":"r","label":"unnamed-chunk-26"},"row":34,"row_count":1,"visible":true},{"chunk_id":"cshuw75adqqat","chunk_label":"unnamed-chunk-3","document_id":"C8DF5A50","expansion_state":0,"options":{"engine":"r","label":"unnamed-chunk-151"},"row":47,"row_count":1,"visible":true},{"chunk_id":"ci3vpse3t6ii9","chunk_label":"unnamed-chunk-4","document_id":"C8DF5A50","expansion_state":0,"options":{"engine":"r","label":"unnamed-chunk-141"},"row":61,"row_count":1,"visible":true},{"chunk_id":"c5zu7u3pp7fdh","chunk_label":"unnamed-chunk-5","document_id":"C8DF5A50","expansion_state":0,"options":{"engine":"r","label":"unnamed-chunk-176"},"row":87,"row_count":1,"visible":true},{"chunk_id":"coieggziuixj6","chunk_label":"unnamed-chunk-6","document_id":"C8DF5A50","expansion_state":0,"options":{"engine":"r","label":"unnamed-chunk-191"},"row":107,"row_count":1,"visible":true},{"chunk_id":"c3arjbqbykoqz","chunk_label":"unnamed-chunk-7","document_id":"C8DF5A50","expansion_state":0,"options":{"engine":"r","label":"unnamed-chunk-177"},"row":137,"row_count":1,"visible":true},{"chunk_id":"ceh021e03fj7n","chunk_label":"unnamed-chunk-8","document_id":"C8DF5A50","expansion_state":0,"options":{"engine":"r","label":"unnamed-chunk-180"},"row":159,"row_count":1,"visible":true},{"chunk_id":"cgg0m5cw4u6dc","chunk_label":"unnamed-chunk-9","document_id":"C8DF5A50","expansion_state":0,"options":{"engine":"r","label":"unnamed-chunk-181"},"row":177,"row_count":1,"visible":true},{"chunk_id":"c8l8erzdoehga","chunk_label":"unnamed-chunk-10","document_id":"C8DF5A50","expansion_state":0,"options":{"engine":"r","label":"unnamed-chunk-193"},"row":194,"row_count":1,"visible":true},{"chunk_id":"c14afffkd2nos","chunk_label":"unnamed-chunk-11","document_id":"C8DF5A50","expansion_state":0,"options":{"engine":"r","label":"unnamed-chunk-194"},"row":217,"row_count":1,"visible":true},{"chunk_id":"cibk9yfpdljkd","chunk_label":"unnamed-chunk-12","document_id":"C8DF5A50","expansion_state":0,"options":{"engine":"r","label":"unnamed-chunk-195"},"row":236,"row_count":1,"visible":true}],"doc_write_time":1515806633}