"0","# Sample skewness"
"0","skewness <- function(x, na.rm = FALSE) {"
"0","  "
"0","  if(na.rm) {"
"0","    x <- na.omit(x)"
"0","  }"
"0","  n <- length(x)"
"0","  "
"0","  numerator   <-  sum( (x - mean(x)) ^ 3 ) / n"
"0","  denominator <- (sum( (x - mean(x)) ^ 2 ) / n) ^ (3 / 2)"
"0","  "
"0","  numerator / denominator"
"0","}"
"0","# Sample kurtosis"
"0","kurtosis <- function(x, na.rm = FALSE) {"
"0","  "
"0","  if(na.rm) {"
"0","    x <- na.omit(x)"
"0","  }"
"0","  "
"0","  n <- length(x)"
"0","  "
"0","  numerator   <-  sum( (x - mean(x)) ^ 4 ) / n"
"0","  denominator <- (sum( (x - mean(x)) ^ 2 ) / n) ^ 2"
"0","  "
"0","  numerator / denominator"
"0","}"
"0","# Statistic"
"0","jarque_bera_stat <- function(x) {"
"0","  "
"0","  if(any(is.na(x))) {"
"0","    stop(""NA values in x"")"
"0","  }  "
"0","  "
"0","  1/6 * length(x) * (skewness(x) ^ 2 + 1/4 * (kurtosis(x) - 3) ^ 2)"
"0","}"
"0","# P-value"
"0","jarque_bera_pval <- function(x) {"
"0","  stat <- jarque_bera_stat(x)"
"0","  pval <- 1 - pchisq(stat, df = 2)"
"0","  pval"
"0","}"
